{
  "train_losses": [
    364.2863248684827,
    41.802857795533015,
    -215.56707765635323,
    -417.46209110933194,
    -582.767889583812,
    -736.8422844381894,
    -889.3557863123276,
    -1042.6134386848,
    -1196.5512045467601,
    -1349.409976016774,
    -1502.7804515165442,
    -1656.3188645306755,
    -1809.3634219898897,
    -1962.8601311178768,
    -2116.2205200195312,
    -2269.52501077091,
    -2422.9037827435664,
    -2576.328925637638,
    -2729.9514188878675,
    -2882.67803811466
  ],
  "val_losses": [
    289.97543144226074,
    66.68915479630232,
    -145.68095445632935,
    -315.076847076416,
    -478.6490650177002,
    -594.9835815429688,
    -745.9869918823242,
    -886.8885269165039,
    -1046.639892578125,
    -1188.789810180664,
    -1345.5731735229492,
    -1500.1327362060547,
    -1638.0054244995117,
    -1775.9032135009766,
    -1917.1562728881836,
    -2075.379570007324,
    -2212.6450805664062,
    -2335.9713745117188,
    -2371.376754760742,
    -2662.8616790771484
  ],
  "val_accuracies": [
    0.1533996908139188,
    0.13994738412302352,
    0.13839060508258522,
    0.15790729841881154,
    0.15274334843101625,
    0.14994440074855578,
    0.13984974641317025,
    0.14335927965067397,
    0.15099671828808547,
    0.13587372189525643,
    0.14338640123674432,
    0.14025114588701149,
    0.14711833148002496,
    0.1440427436196469,
    0.13947546852539935,
    0.14555070380515853,
    0.1435003118982398,
    0.1413956768191804,
    0.1411515825445472,
    0.1414119497708226
  ]
}