{
  "train_losses": [
    30.59634468320851,
    9.573773047522359,
    1.8742161367250525,
    -4.135731320086551,
    -9.37415541718699,
    -14.227977786511524,
    -18.858260101257255,
    -23.274345982811273,
    -27.73296138296411,
    -31.94133949279785,
    -36.21724900828346,
    -40.31256439593073,
    -44.16451758814622,
    -48.266578128736136,
    -52.5034909193794,
    -56.513761018451895,
    -60.42942617577874,
    -64.44287222419233,
    -67.99926130613419,
    -72.31987474821253,
    -76.45102144324261,
    -80.27489710617938,
    -84.52207017108559,
    -88.43106198692759,
    -92.84704229324306,
    -96.4901812092936,
    -100.28340630782277,
    -104.1498302311319,
    -108.27236364089651,
    -112.17289764439214
  ],
  "val_losses": [
    10.494301212077238,
    1.627673966544015,
    -4.517203195970886,
    -10.189456346083661,
    -15.031678997740453,
    -19.5734264996587,
    -23.974410426859954,
    -28.651068609588002,
    -32.933133144767915,
    -36.99159929703693,
    -41.218893596104216,
    -44.73803831606495,
    -48.68143949703295,
    -53.22012352456852,
    -57.71228619011081,
    -61.15512209522481,
    -65.3916268640635,
    -69.51607427791673,
    -73.12333266589107,
    -77.4719816713917,
    -80.6362533569336,
    -85.372567390909,
    -89.36495021897919,
    -93.05810001918248,
    -97.2412408322704,
    -101.04057203020368,
    -104.17186308880241,
    -108.47876731716856,
    -112.26997655751754,
    -116.9620862688337
  ],
  "train_accs": [
    0.9334593487702244,
    0.9527427524517729,
    0.9601019160677765,
    0.9656822081567255,
    0.9672468820027615,
    0.969167857433288,
    0.9715370696633494,
    0.974069245255686,
    0.9771078823933188,
    0.9759013788864536,
    0.9779452369995398,
    0.9795416789932413,
    0.9766726248387899,
    0.9784390901578741,
    0.9809351238383209,
    0.9806384213580963,
    0.9785248063850654,
    0.9811158198668095,
    0.9806559556278792,
    0.982106321739432,
    0.9805547026916385,
    0.9816769501983252,
    0.9838652565978944,
    0.9833588739429026,
    0.983263265538007,
    0.98473602647309,
    0.9831369935733083,
    0.9827288231949971,
    0.9841790558618925,
    0.9859293605816017
  ],
  "val_accs": [
    0.9322384934883668,
    0.9509460721963958,
    0.9577897592327866,
    0.9627311714186018,
    0.9642169718936077,
    0.9661755270652064,
    0.96525252980043,
    0.968741909703853,
    0.9696311387760156,
    0.9696086266476064,
    0.9713645726635225,
    0.9704640875271553,
    0.9685505566123749,
    0.9718598394885244,
    0.9745387827692169,
    0.9729291655879605,
    0.9728953973953467,
    0.9741560765862608,
    0.9725352033407999,
    0.9756418770612667,
    0.972422642698754,
    0.9740322598800104,
    0.9754167557771749,
    0.9756643891896759,
    0.9752366587499015,
    0.975304195135129,
    0.9742461250998976,
    0.9755180603550163,
    0.9752591708783107,
    0.9760808635652458
  ]
}