{
  "train_losses": [
    112.52014019614772,
    60.863049334737745,
    39.697970348855726,
    24.263674648730106,
    11.649849857427435,
    0.8660170568208673,
    -8.881108095362203,
    -17.808960450595794,
    -26.024350986873532,
    -33.81461925473857,
    -41.51312835047392,
    -48.909562628110976,
    -55.85973703397493,
    -63.00739908545732,
    -69.86348928630488,
    -76.54692403839164,
    -83.31726313401141,
    -89.96304330891276,
    -96.55987096651195,
    -102.92490208012562,
    -109.38991757006613,
    -116.04902696063917,
    -122.3414763182197,
    -128.54592303662332,
    -134.80336692076798,
    -141.22190190889197,
    -147.78507496290402,
    -154.33307427727112,
    -159.9614386078422,
    -166.76936905989658
  ],
  "val_losses": [
    61.536888122558594,
    36.99321591124243,
    20.578184088882136,
    7.131141211305346,
    -3.711137804449821,
    -13.830524094250737,
    -22.92290891919817,
    -31.588551229360153,
    -39.618726029688,
    -47.57345382534728,
    -54.9718659848583,
    -62.55678807472696,
    -69.67575532562878,
    -77.00294961734694,
    -83.91763103251554,
    -90.75250820237763,
    -97.72986665063975,
    -104.4541506086077,
    -111.12855810048629,
    -117.64909611916056,
    -124.48557888731665,
    -131.25763250856983,
    -137.9690511275311,
    -144.26859579280932,
    -151.05993885896643,
    -157.59823919802295,
    -163.93138402822066,
    -170.93339149319397,
    -177.46796837631538,
    -183.62855436363998
  ],
  "train_accs": [
    0.6452621668273218,
    0.7092338357483595,
    0.7436332187805822,
    0.7683404054691183,
    0.7767221169054056,
    0.78433492437748,
    0.7934538646334999,
    0.8050721202681655,
    0.8080166114100196,
    0.8139035705218455,
    0.8093042366691016,
    0.8153428684493188,
    0.8189054499424101,
    0.8171633008520454,
    0.8189853958493467,
    0.8220093111126104,
    0.8266817044845453,
    0.8275604400657569,
    0.8268038411911803,
    0.8292903840124481,
    0.8313376470859143,
    0.8287448107160917,
    0.8341976013706454,
    0.8327841845140033,
    0.8273244111727109,
    0.8339709590470394,
    0.8354701333632186,
    0.8373056757561188,
    0.8384482898128561,
    0.83496817162404
  ],
  "val_accs": [
    0.6402000300276023,
    0.7066072274128911,
    0.7362075138300207,
    0.7554136302216268,
    0.7669165117165394,
    0.775890145171908,
    0.7838936560915611,
    0.7892524281936087,
    0.7921627958007553,
    0.7975100188249968,
    0.7961703257994849,
    0.801563745134951,
    0.80063981891046,
    0.8048667813875062,
    0.8075923637497546,
    0.8081005231732247,
    0.808885860464042,
    0.8103641424232275,
    0.8113689121923614,
    0.8125584672063936,
    0.8158615034589488,
    0.8144640650444062,
    0.8166930370609907,
    0.8142908288773142,
    0.8162888193377759,
    0.8180558282421149,
    0.8141637890214466,
    0.8182059662535947,
    0.8175938651298694,
    0.8191183434002794
  ]
}