{
  "train_losses": [
    6.369166188425832,
    6.053597889937364,
    5.9479064755625535,
    5.843974621264966,
    5.733917397338074,
    5.625119357914119,
    5.51751455703339,
    5.416773040573318,
    5.321631456350351,
    5.242386712656392,
    5.160874360567563,
    5.054751712006408,
    4.964479446411133,
    4.878268297616538,
    4.776409886100075,
    4.66904913295399,
    4.595839605702983,
    4.492336855306254,
    4.377010967824366,
    4.294582812817065,
    4.191073869729971,
    4.098384355569815,
    3.9887247333278903,
    3.903287946403801,
    3.81303764318491,
    3.7222530748937035,
    3.617761367327207,
    3.5227445658151204,
    3.4481370975444845,
    3.369386604854039
  ],
  "val_losses": [
    6.149461269378662,
    6.10970671971639,
    6.061261177062988,
    6.0217018657260475,
    6.003053612179226,
    5.959431436326769,
    5.957824654049343,
    5.957034428914388,
    5.922390196058485,
    5.912917719946967,
    5.932680659823948,
    5.955838203430176,
    5.930318567487928,
    5.958813455369738,
    5.929986317952474,
    5.93016423119439,
    5.958209249708387,
    5.936844295925564,
    5.984198305341932,
    5.972407817840576,
    5.98635827170478,
    6.012728320227729,
    6.052202542622884,
    6.078944947984484,
    6.066560798221165,
    6.118351724412706,
    6.117015202840169,
    6.14290385776096,
    6.180161741044786,
    6.197495831383599
  ]
}