{
  "train_losses": [
    6.44968623619575,
    6.139397379639861,
    5.9725313310499315,
    5.772159291552259,
    5.588427128729882,
    5.396099084383481,
    5.227090470202557,
    5.0224151177839795,
    4.819550545184644,
    4.672327797134201,
    4.483443396432059,
    4.327199948298467,
    4.170244675178032,
    4.017860756291972,
    3.871765882937939,
    3.732176402946571,
    3.610701495950872,
    3.482028710377681,
    3.3540645729411733,
    3.222798198848576,
    3.179086381738836,
    3.0422331141187,
    2.9499644397141096,
    2.86945298120573,
    2.7971611920889323,
    2.696897057743816,
    2.646417747844349,
    2.574318421351445,
    2.510358280949778,
    2.429655932760858
  ],
  "val_losses": [
    6.314357386695014,
    6.184068891737196,
    6.049592177073161,
    6.013056702084011,
    5.948161390092638,
    5.813412295447455,
    5.798804548051622,
    5.763409455617269,
    5.777779526180691,
    5.802029503716363,
    5.7516236835055885,
    5.779521412319607,
    5.804777463277181,
    5.7853612369961205,
    5.823896355099148,
    5.834129439459907,
    5.82425594329834,
    5.862580511305067,
    5.939050462510851,
    5.926657676696777,
    5.913436094919841,
    5.9345586564805775,
    6.000207477145725,
    6.04123322168986,
    6.0182237095303,
    6.096521430545383,
    6.1058013704088,
    6.173914326561822,
    6.245899836222331,
    6.229394594828288
  ]
}