{
  "train_losses": [
    6.508011935593246,
    6.3530542200261895,
    6.3279912069246365,
    6.273400492482371,
    6.200615183099524,
    6.140264603998754,
    6.061892800516897,
    6.0145319096453775,
    5.953019464170778,
    5.909634714002733,
    5.83717139355548,
    5.7873630771389255,
    5.731828906319358,
    5.703801031236525,
    5.648157862873821,
    5.609254403547808,
    5.57977024920575,
    5.519192416946609,
    5.489671595684894,
    5.474759708751332,
    5.42325191993218,
    5.430519271206546,
    5.425968287827133,
    5.375015370257489,
    5.374497537489061,
    5.311947593441257,
    5.308690362162404,
    5.278337751116071,
    5.237192866090056,
    5.22962661222978
  ],
  "val_losses": [
    6.393008867899577,
    6.3873748779296875,
    6.3594034512837725,
    6.37960147857666,
    6.397932900322808,
    6.367703331841363,
    6.327097998725043,
    6.379841009775798,
    6.489436255560981,
    6.372563627031115,
    6.383907636006673,
    6.383961041768392,
    6.435765266418457,
    6.367031733194987,
    6.36885314517551,
    6.404664516448975,
    6.368794865078396,
    6.45924711227417,
    6.441939300960964,
    6.5120284292432995,
    6.431209564208984,
    6.4609371821085615,
    6.545567035675049,
    6.4551071061028376,
    6.511156506008572,
    6.540110852983263,
    6.512138366699219,
    6.439666695064968,
    6.546533902486165,
    6.588547282748753
  ]
}